ModuleName,Template,template-is-different,type-solvable-difference,type-unsolvable-difference,extra-parameter,missing-parameter,function-missing,function-extra,function-overloading-difference,export-assignment-is-different
accept-language-parser,module,0,3,4,0,2,0,0,1,0
absolute-url,module,1,0,0,0,0,0,0,0,0
abs,module-function,0,1,0,0,0,0,0,0,1
acl,module,0,0,0,0,0,0,8,0,0
adlib,module,0,3,0,0,1,0,22,0,0
accepts,module-function,0,0,1,0,0,0,0,0,1
add-zero,module-function,0,0,0,0,0,0,0,0,1
agent-base,module-function,0,1,1,1,5,0,0,1,1
ajv-pack,module-function,0,0,1,1,0,0,0,0,0
align-text,module-function,0,1,1,2,0,0,0,1,1
alpha-shape,module-function,0,0,1,1,0,0,0,0,1
android-versions,module,1,0,0,0,0,0,0,0,0
angular-clipboard,module,0,0,0,0,0,0,2,0,0
ansi-escape-sequences,module,0,0,2,0,0,0,0,0,0
angular-notify,module,0,0,0,0,0,0,2,0,0
ansicolors,module,0,0,0,0,0,0,12,0,0
any-db,module,0,2,0,0,18,0,0,2,0
apigee-access,module,0,0,0,0,0,0,2,0,0
app-root-path,module,1,0,0,0,0,0,0,0,0
append-query,module-function,0,0,1,0,2,0,0,0,1
array-initial,module-function,0,0,1,0,0,0,0,0,1
array-foreach,module-function,0,4,6,2,0,0,0,1,1
array-sort,module-function,0,0,2,0,1,0,0,0,1
array-unique,module-function,0,0,1,0,0,0,0,0,1
async-busboy,module,1,0,0,0,0,0,0,0,0
arrive,module,1,0,0,0,0,0,0,0,0
atpl,module,1,0,0,0,0,0,0,0,0
async-writer,module,1,0,0,0,0,0,0,0,0
audio-play,module-function,1,0,0,0,0,0,0,0,0
auto-launch,module-class,1,0,0,0,0,0,0,0,0
autokanji,module,0,0,0,0,0,2,0,0,0
aws4,module,1,0,0,0,0,0,0,0,0
aws-lambda,module,0,0,0,0,0,0,0,0,0
b-spline,module-function,0,3,0,1,0,0,0,0,1
backblaze-b2,module-class,1,0,0,0,0,0,0,0,0
b_,module,1,0,0,0,0,0,0,0,0
backlog-js,module,0,0,0,0,0,0,0,0,0
backoff,module,0,0,0,0,0,19,0,0,0
balanced-match,module-function,0,0,0,0,0,0,0,0,1
bagpipes,module,0,0,0,0,0,1,0,0,0
barbellweights,module,0,0,0,0,0,0,0,0,0
base-64,module,0,0,2,0,0,0,0,0,0
base64-stream,module,0,0,0,0,0,0,0,0,0
bases,module,1,0,0,0,0,0,0,0,0
bash-glob,module-function,0,11,12,5,55,0,0,1,1
basic-auth,module-function,0,0,0,1,0,0,0,0,1
basicauth-middleware,module-function,0,0,3,1,0,0,0,1,1
batch-stream,module-class,0,1,0,0,0,0,3,0,0
bencode,module,1,0,0,0,0,0,0,0,0
better-queue,module-class,0,4,2,23,26,2,14,2,0
bidirectional-map,module,1,0,0,0,0,0,0,0,0
bintrees,module,1,0,0,0,0,0,0,0,0
bit-array,module,1,0,0,0,0,0,0,0,0
bitwise-xor,module-function,0,0,2,0,0,0,0,0,1
bit-twiddle,module,1,0,0,0,0,0,0,0,0
bleno,module,1,0,0,0,0,0,0,0,0
blob-stream,module-function,0,0,0,2,0,0,0,0,0
blocked-at,module-function,0,1,1,0,5,0,0,1,1
blue-tape,module,1,0,0,0,0,0,0,0,0
blueimp-load-image,module,1,0,0,0,0,0,0,0,0
body,module-function,0,0,28,15,15,0,0,1,1
body-parser,module-function,0,0,0,0,1,0,0,0,1
body-parser-xml,module-function,0,1,0,0,0,0,0,0,1
braces,module,1,0,0,0,0,0,0,0,0
braintree,module,1,0,0,0,0,0,0,0,0
breeze,module,1,0,0,0,0,0,0,0,0
branca,module-function,0,0,0,0,0,0,0,0,1
broken-link-checker,module,0,0,0,0,0,0,1,0,0
brorand,module,1,0,0,0,0,0,0,0,0
buffer-crc32,module-function,0,0,0,0,2,0,0,0,1
buffer-compare,module-function,0,0,4,0,2,0,0,1,1
buffer-json,module,0,2,0,0,0,2,0,0,0
buffer-from,module-function,0,4,2,3,0,0,0,1,1
buffer-to-stream,module,1,0,0,0,0,0,0,0,0
buffer-xor,module-function,0,0,4,0,0,0,0,1,1
buffer-split,module-function,0,0,2,0,0,0,0,0,1
bufferhelper,module-class,0,3,0,0,0,2,0,0,0
bump-regex,module-function,0,1,1,0,0,0,0,0,1
bunnymq,module-function,0,0,0,1,8,0,0,0,1
bunyan-config,module,1,0,0,0,0,0,0,0,0
bunyan-format,module,1,0,0,0,0,0,0,0,0
bunyan-logentries,module,0,0,0,1,1,0,0,0,0
bunyan-prettystream,module-class,0,1,0,0,1,1,1,0,0
byline,module-function,0,0,1,1,1,0,0,1,1
c-struct,module,0,0,0,0,0,3,1,0,0
cabarc,module,0,0,0,0,0,0,2,0,0
caller,module-function,0,1,1,0,0,0,0,1,1
calc-percent,module-function,0,0,0,0,0,0,0,0,1
camelcase-css,module-function,0,0,0,0,0,0,0,0,1
caniuse-api,module,1,0,0,0,0,0,0,0,0
camo,module,1,0,0,0,0,0,0,0,0
capitalize,module-function,0,0,4,0,4,0,0,1,1
capture-console,module,0,4,4,2,2,20,0,2,0
camelcase-keys-deep,module-function,0,0,0,0,0,0,0,1,1
caseless,module-function,0,1,0,0,0,0,0,0,1
cassandra-store,module-class,0,1,2,0,0,7,0,0,0
center-align,module-function,0,1,0,0,0,0,0,0,1
chai-almost,module-function,0,1,0,0,0,0,0,0,1
chai-arrays,module,0,0,0,0,0,0,0,0,0
chai-datetime,module,0,0,0,0,0,0,0,0,0
chai-fuzzy,module,0,0,0,0,0,0,0,0,0
chai-roughly,module,0,0,0,0,0,0,0,0,0
chai-like,module,0,0,0,0,0,0,0,0,0
chai-string,module,0,0,0,0,0,0,0,0,0
chai-things,module,0,0,0,0,0,0,0,0,0
charset-detector,module-function,1,0,0,0,0,0,0,0,0
check-sum,module-function,0,2,1,8,0,0,0,1,1
chai-xml,module,0,0,0,0,0,0,0,0,0
checkstyle-formatter,module-function,0,1,0,0,0,0,0,0,1
checksum,module-function,0,1,0,0,1,0,0,0,1
chownr,module-function,1,0,0,0,0,0,0,0,0
cipher-base,module-class,1,0,0,0,0,0,0,0,0
circle-to-polygon,module-function,0,0,1,0,0,0,0,0,1
cjson,module,0,2,0,0,0,5,0,0,0
classify-poetry,module,1,0,0,0,0,0,0,0,0
cli-color,module,0,0,0,0,0,0,0,0,0
client-sessions,module,1,0,0,0,0,0,0,0,0
cloneable-readable,module,1,0,0,0,0,0,0,0,0
clone-deep,module-function,0,10,10,0,0,0,0,1,1
code,module,0,1,2,0,0,1,0,1,0
codecs,module,1,0,0,0,0,0,0,0,0
coinbase,module,0,0,0,0,0,0,0,0,0
coinbase-commerce-node,module,1,0,0,0,0,0,0,0,0
color-hash,module-class,1,0,0,0,0,0,0,0,0
color-diff,module,0,1,1,1,47,5,1,0,0
color-rgba,module-function,0,0,1,0,0,0,0,0,1
colornames,module,1,0,0,0,0,0,0,0,0
columnify,module-function,0,0,2,0,2,0,0,1,1
combine-source-map,module-class,1,0,0,0,0,0,0,0,0
command-exists,module-function,0,1,1,2,0,0,0,0,1
combinations,module-function,0,0,1,0,0,0,0,0,1
command-line-commands,module-function,0,1,1,0,0,0,0,0,1
command-line-usage,module-function,1,0,0,0,0,0,0,0,0
common-prefix,module-function,0,0,1,0,0,0,0,0,1
command-shell-lib,module,1,0,0,0,0,0,0,0,0
common-errors,module,0,0,0,0,0,3,0,0,0
common-ancestor-path,module-function,1,0,0,0,0,0,0,0,0
compare-function,module-function,0,1,2,1,0,0,0,1,1
commonmark-react-renderer,module,1,0,0,0,0,0,0,0,0
compare-func,module-function,0,0,1,1,0,0,0,0,1
compass-vertical-rhythm,module-function,1,0,0,0,0,0,0,0,0
compression,module-function,0,1,0,0,5,0,0,0,1
component-emitter,module,1,0,0,0,0,0,0,0,0
compressible,module-function,0,0,2,0,0,0,0,1,1
compute-argmax,module-function,0,0,1,0,0,0,0,0,1
compute-gcd,module-function,0,0,0,0,13,0,0,1,1
compute-stdev,module-function,0,0,1,0,0,0,0,0,1
compute-quantile,module-function,0,1,1,0,0,0,0,0,1
confidence,module,0,0,0,0,0,0,6,0,0
concat-stream,module-function,0,1,1,1,1,0,0,1,1
configs-overload,module,0,0,0,0,0,1,0,0,0
confit,module,1,0,0,0,0,0,0,0,0
config,module,0,0,0,0,0,0,0,0,0
connect,module-function,0,0,0,0,0,0,0,0,1
connect-ensure-login,module,0,0,0,0,0,2,0,0,0
connect-azuretables,module-function,0,0,0,0,1,0,0,0,1
connect-flash,module,0,0,0,0,0,0,0,0,0
connect-livereload,module-function,1,0,0,0,0,0,0,0,0
connect-mongodb-session,module-function,0,0,0,2,0,0,0,0,1
connect-slashes,module-function,0,1,0,0,0,0,0,0,1
connect-timeout,module,1,0,0,0,0,0,0,0,0
console-ui,module-class,0,0,0,0,5,11,0,0,0
console-log-level,module-function,0,1,1,0,0,0,0,0,1
consul,module,0,0,0,0,0,0,2,0,0
contains-path,module-function,0,0,0,0,2,0,0,0,1
content-type,module,0,1,0,3,0,0,0,0,0
content-range,module,0,2,1,0,0,0,0,1,0
content-disposition,module-function,0,1,0,0,0,0,0,0,1
conventional-changelog-config-spec,module,1,0,0,0,0,0,0,0,0
convert-excel-to-json,module-function,1,0,0,0,0,0,0,0,0
convert-units,module-function,0,1,0,0,0,0,0,0,1
cookie-parser,module-function,0,1,0,0,0,0,0,0,1
cookie_js,module,1,0,0,0,0,0,0,0,0
copy,module-function,0,3,15,2,12,0,0,1,1
cookies,module,1,0,0,0,0,0,0,0,0
copyfiles,module-function,0,3,2,1,0,0,0,1,1
cors,module-function,0,0,1,0,0,0,0,0,1
countries-and-timezones,module,1,0,0,0,0,0,0,0,0
crc,module,1,0,0,0,0,0,0,0,0
create-hash,module-function,0,1,0,0,1,0,0,0,1
create-error,module-function,0,0,0,0,0,0,0,1,1
create-hmac,module-function,1,0,0,0,0,0,0,0,0
creditcardutils,module,1,0,0,0,0,0,0,0,0
cryptiles,module,0,0,0,0,0,3,3,0,0
cryptr,module-class,0,0,0,0,0,0,0,0,0
css-mediaquery,module,0,0,1,0,0,1,1,0,0
css-generator,module,0,0,0,0,1,0,0,0,0
css-declaration-sorter,module,1,0,0,0,0,0,0,0,0
custom-error-generator,module-function,1,0,0,0,0,0,0,0,0
currency-formatter,module,0,0,1,0,7,0,0,0,0
cwise,module-function,0,0,1,1,0,0,0,0,1
cwd,module-function,0,0,2,0,0,0,0,1,1
d,module-function,0,2,2,0,1,0,0,1,1
d3-array,module,0,0,0,0,0,138,3,0,0
d20,module,0,6,2,0,0,0,0,1,0
d3-brush,module,0,0,0,0,0,4,3,0,0
d3-chord,module,0,0,0,0,0,9,3,0,0
d3-axis,module,0,0,0,0,0,4,3,0,0
d3-collection,module,0,0,0,0,0,16,3,0,0
d3-contour,module,0,0,0,0,0,2,3,0,0
d3-dispatch,module,0,0,0,0,0,1,3,0,0
d3-drag,module,1,0,0,0,0,0,0,0,0
dashify,module-function,0,1,0,0,0,0,0,0,1
data-driven,module-function,0,2,0,0,0,0,0,0,1
dateformat,module-function,0,4,2,1,0,0,0,1,1
date-arithmetic,module,0,10,14,10,13,4,2,11,0
db-migrate-pg,module,0,0,0,0,0,0,25,0,0
death,module-function,1,0,0,0,0,0,0,0,0
debounce,module-function,0,0,1,1,1,0,0,0,1
decomment,module-function,0,0,2,1,7,0,0,1,1
deep-equal,module-function,0,3,0,0,6,0,0,1,1
deep-extend,module-function,0,0,0,0,11,0,0,1,1
defaults,module,1,0,0,0,0,0,0,0,0
defer-promise,module-function,1,0,0,0,0,0,0,0,0
denodeify,module-function,0,0,10,0,10,0,0,1,1
depd,module-function,1,0,0,0,0,0,0,0,0
dependency-solver,module,0,0,0,1,0,1,0,0,0
deps-sort,module-function,0,0,0,0,1,0,0,0,1
destroy-on-hwm,module-function,0,1,1,0,0,0,0,0,1
destroy,module-function,0,0,2,0,0,0,0,1,1
diacritics,module,0,0,0,0,0,1,1,0,0
dicer,module-class,0,0,0,0,23,51,4,1,0
diff-match-patch,module,1,0,0,0,0,0,0,0,0
diffie-hellman,module,1,0,0,0,0,0,0,0,0
director,module,1,0,0,0,0,0,0,0,0
dirname-regex,module-function,0,0,0,0,0,0,0,0,1
distributions,module,1,0,0,0,0,0,0,0,0
dirty-chai,module,1,0,0,0,0,0,0,0,0
discontinuous-range,module-class,0,1,1,0,0,6,0,0,0
distributions-poisson-quantile,module-function,0,10,219,189,240,0,0,1,1
docker-modem,module-class,1,0,0,0,0,0,0,0,0
docopt,module,1,0,0,0,0,0,0,0,0
docdown,module-function,0,0,1,19,76,0,0,1,1
domexception,module,0,0,0,0,0,0,1,0,0
dogapi,module,0,0,0,0,0,1,5,0,0
domutils,module,0,0,0,0,0,29,31,0,0
dotdir-regex,module-function,0,0,0,0,0,0,0,0,1
dotfile-regex,module-function,0,0,0,0,0,0,0,0,1
dottie,module,0,0,0,0,0,0,9,0,0
dtype,module-function,0,12,0,0,0,0,0,1,1
duplexer3,module-function,0,0,4,1,1,0,0,1,1
dumb-passwords,module,1,0,0,0,0,0,0,0,0
duplexify,module,1,0,0,0,0,0,0,0,0
duplexer2,module-function,0,0,1,0,4,0,0,1,1
dynamodb,module,0,0,0,0,0,8,31,0,0
eases,module,0,0,0,0,0,0,31,0,0
easy-table,module-class,0,6,5,1,0,6,0,2,0
ee-first,module-function,0,1,1,0,0,0,0,0,1
ejs-locals,module-function,1,0,0,0,0,0,0,0,0
ellipsize,module-function,0,1,2,1,0,0,0,0,1
elasticlunr,module-function,1,0,0,0,0,0,0,0,0
elo-rank,module-class,1,0,0,0,0,0,0,0,0
emissary,module,1,0,0,0,0,0,0,0,0
encoding-japanese,module,0,3,12,5,18,19,16,1,0
ent,module,0,2,0,2,0,0,0,0,0
end-of-stream,module-function,0,1,3,1,3,0,0,1,1
env-to-object,module-function,0,0,0,17,16,0,0,1,1
envhandlebars,module-function,0,0,0,22,9,0,0,1,1
envify,module,1,0,0,0,0,0,0,0,0
es6-promisify,module,1,0,0,0,0,0,0,0,0
es6-weak-map,module-class,1,0,0,0,0,0,0,0,0
escape-latex,module-function,0,0,0,0,0,0,0,0,1
esprima-walk,module-function,0,1,0,2,0,0,0,0,1
esrever,module,0,0,0,0,0,0,5,0,0
estree-jsx,module,1,0,0,0,0,0,0,0,0
euclidean-distance,module-function,0,4,0,0,0,0,0,1,1
event-kit,module,1,0,0,0,0,0,0,0,0
event-emitter,module-function,0,1,0,0,0,0,0,0,1
event-to-promise,module-function,0,1,0,0,0,0,0,0,1
expand-tilde,module-function,0,0,0,0,0,0,0,0,1
express-boom,module-function,0,0,0,0,0,0,0,0,1
express-brute,module-class,0,1,0,0,4,2,2,0,0
express-brute-mongo,module-class,0,2,0,0,0,0,0,0,0
express-bunyan-logger,module-function,1,0,0,0,0,0,0,0,0
express-ejs-layouts,module-function,1,0,0,0,0,0,0,0,0
express-fileupload,module-function,1,0,0,0,0,0,0,0,0
express-flash-2,module-function,1,0,0,0,0,0,0,0,0
express-flash,module-function,0,0,0,0,0,0,0,0,1
express-form-data,module,0,0,0,0,1,0,0,0,0
express-jsonschema,module,0,1,0,1,0,0,4,0,0
express-jwt,module-function,0,3,1,1,0,0,0,0,1
express-formidable,module-function,0,0,0,1,18,0,0,1,0
express-less,module-function,0,1,0,1,1,0,0,0,1
express-list-endpoints,module-function,0,0,1,0,0,0,0,0,1
express-partials,module-function,0,0,0,0,1,0,0,0,1
express-mung,module,0,5,0,0,1,0,1,0,0
express-redis-cache,module-function,0,0,0,0,12,0,0,1,1
express-request-id,module-function,0,0,1,2,0,0,0,0,1
express-wechat-access,module-function,0,0,0,0,2,0,0,0,1
express-routes-versioning,module-function,0,0,0,0,0,0,0,0,1
express-unless,module-function,0,0,1,2,5,0,0,1,1
express-xml-bodyparser,module-function,0,1,0,0,0,0,0,0,1
fast-list,module,1,0,0,0,0,0,0,0,0
fast-memory-cache,module-class,1,0,0,0,0,0,0,0,0
fastbitset,module-class,1,0,0,0,0,0,0,0,0
file-exists,module-function,0,0,1,0,2,0,0,1,1
ffprobe,module-function,0,1,1,2,0,0,0,0,1
field,module,0,5,0,0,0,0,0,1,0
file-saver,module,1,0,0,0,0,0,0,0,0
file-size,module-function,0,0,1,2,0,0,0,0,1
filesize-parser,module-function,0,0,1,0,1,0,0,0,1
find-exec,module-function,0,0,0,0,2,0,0,1,1
find-in-files,module,1,0,0,0,0,0,0,0,0
find-package-json,module-function,0,0,0,0,1,0,0,0,1
find-root,module-function,0,1,1,0,0,0,0,0,1
firebase-client,module,1,0,0,0,0,0,0,0,0
flagged-respawn,module-function,0,2,2,0,3,0,0,1,1
flake-idgen,module-class,0,4,0,0,1,0,0,1,0
flipsnap,module,1,0,0,0,0,0,0,0,0
flatbuffers,module,1,0,0,0,0,0,0,0,0
floreal,module,1,0,0,0,0,0,0,0,0
fluent-ffmpeg,module-function,0,0,11,0,110,0,0,1,1
flot,module,1,0,0,0,0,0,0,0,0
fnv-lite,module-class,0,2,0,1,0,4,4,1,0
flush-write-stream,module,1,0,0,0,0,0,0,0,0
forever-monitor,module,1,0,0,0,0,0,0,0,0
form-serializer,module,1,0,0,0,0,0,0,0,0
forge-apis,module,0,0,0,0,0,0,0,0,0
format-duration,module-function,0,0,0,0,0,0,0,0,1
format-link-header,module-function,0,0,0,0,0,0,0,1,1
format-unicorn,module,1,0,0,0,0,0,0,0,0
format-util,module-function,0,0,0,0,1,0,0,0,1
forms,module,1,0,0,0,0,0,0,0,0
forwarded,module-function,0,0,0,2,0,0,0,0,1
fossil-delta,module,1,0,0,0,0,0,0,0,0
freeport,module-function,0,1,0,0,0,0,0,0,1
fresh,module-function,0,0,0,3,0,0,0,0,1
from2,module-function,0,0,5,1,0,0,0,1,1
fs-extra-promise,module,1,0,0,0,0,0,0,0,0
fs-plus,module,1,0,0,0,0,0,0,0,0
fs-readdir-recursive,module-function,0,1,0,2,0,0,0,0,1
fs-readfile-promise,module-function,0,0,4,4,0,0,0,1,1
ftp,module-class,1,0,0,0,0,0,0,0,0
ftps,module-class,0,0,0,0,18,13,2,0,0
functional-red-black-tree,module-function,0,0,1,1,0,0,0,0,1
fuzzaldrin,module,1,0,0,0,0,0,0,0,0
furigana-markdown-it,module-function,0,0,0,0,4,0,0,1,1
gapi,module,1,0,0,0,0,0,0,0,0
gaussian,module-function,0,0,0,0,0,0,0,0,1
generic-functions,module,0,0,0,0,0,0,6,0,0
geopoint,module-class,0,2,2,0,0,4,0,0,0
ghauth,module-function,1,0,0,0,0,0,0,0,0
ghost-storage-base,module-class,0,0,0,0,0,8,0,0,0
git-config-path,module-function,0,0,1,1,0,0,0,0,1
git-rev-sync,module,0,2,2,0,0,2,1,0,0
git-user-name,module-function,0,0,0,0,3,0,0,0,1
git-username,module-function,0,2,0,4,2,0,0,0,1
git-user-email,module-function,0,0,0,1,0,0,0,0,1
gitconfiglocal,module-function,0,1,1,1,1,0,0,1,1
gl-fbo,module-function,0,0,1,0,2,0,0,0,1
glob-base,module-function,0,1,0,1,0,0,0,0,1
gl-vec2,module,1,0,0,0,0,0,0,0,0
gl-vec3,module,1,0,0,0,0,0,0,0,0
glob-to-regexp,module-function,0,0,0,0,0,0,0,0,1
global-tunnel-ng,module,0,0,1,0,0,0,2,0,0
global-paths,module-function,0,1,0,0,0,0,0,0,1
globalyzer,module-function,0,0,0,0,1,0,0,0,1
globjoin,module-function,1,0,0,0,0,0,0,0,0
globrex,module-function,0,0,0,0,1,0,0,0,1
glur,module-function,0,0,1,0,3,0,0,0,1
gm,module-function,0,0,2,0,3,0,0,1,1
google-polyline,module,0,1,0,0,0,0,4,0,0
google-maps,module,0,0,0,0,0,0,2,0,0
graphite-udp,module,0,0,0,0,0,1,2,0,0
gravatar,module,0,2,2,0,20,0,0,0,0
gray-percentage,module-function,1,0,0,0,0,0,0,0,0
graylog2,module,1,0,0,0,0,0,0,0,0
guid,module-function,1,0,0,0,0,0,0,0,0
gulp-batch,module-function,0,1,0,0,2,0,0,0,1
gulp-bump,module-function,0,0,0,2,0,0,0,0,0
gulp-cache,module,1,0,0,0,0,0,0,0,0
gulp-cached,module,1,0,0,0,0,0,0,0,0
gulp-csso,module-function,0,1,0,0,0,0,0,0,1
gulp-help,module-function,0,0,0,2,5,0,0,0,1
gulp-html-prettify,module,1,0,0,0,0,0,0,0,0
gulp-html-replace,module,1,0,0,0,0,0,0,0,0
gulp-help-doc,module,1,0,0,0,0,0,0,0,0
gulp-if,module,1,0,0,0,0,0,0,0,0
gulp-insert,module,0,0,0,0,0,0,4,0,0
gulp-install,module,1,0,0,0,0,0,0,0,0
gulp-ng-annotate,module,1,0,0,0,0,0,0,0,0
gulp-less,module-function,0,0,0,0,4,0,0,0,1
gulp-mustache,module-function,0,0,2,0,0,0,0,0,0
gulp-nodemon,module,1,0,0,0,0,0,0,0,0
gulp-remember,module,1,0,0,0,0,0,0,0,0
gulp-rev,module,1,0,0,0,0,0,0,0,0
gulp-sort,module-function,0,0,0,0,0,0,0,1,1
gulp-rev-replace,module-function,0,0,0,0,1,0,0,0,1
gulp-strip-debug,module,1,0,0,0,0,0,0,0,0
gulp-stylus,module-function,0,0,0,0,4,0,0,0,1
gulp-svg-sprite,module,1,0,0,0,0,0,0,0,0
gzip-js,module,1,0,0,0,0,0,0,0,0
harmon,module-function,0,1,0,0,2,0,0,0,1
harmony-proxy,module,1,0,0,0,0,0,0,0,0
has,module-function,0,0,1,0,0,0,0,0,1
hash-stream,module-function,0,2,2,0,0,0,0,1,1
hashmap,module-class,0,0,2,1,0,15,1,1,0
hash-sum,module-function,0,1,0,0,0,0,0,0,1
hashset,module,1,0,0,0,0,0,0,0,0
haversine,module-function,0,0,4,6,0,0,0,1,1
heap,module-class,1,0,0,0,0,0,0,0,0
hepburn,module,0,0,0,0,0,2,0,0,0
hellosign-sdk,module-class,1,0,0,0,0,0,0,0,0
hex-color-regex,module-function,0,1,0,0,0,0,0,0,1
host-validation,module-function,0,3,0,2,0,0,0,0,1
hex-rgba,module-function,1,0,0,0,0,0,0,0,0
honeybadger,module,1,0,0,0,0,0,0,0,0
hooker,module,1,0,0,0,0,0,0,0,0
html-parser,module,0,0,0,0,0,3,6,0,0
html-escaper,module,0,0,0,0,0,0,0,0,0
html-replace-webpack-plugin,module-class,1,0,0,0,0,0,0,0,0
html-tableify,module-function,0,0,1,0,2,0,0,0,1
htmlescape,module-function,0,1,0,0,0,0,0,0,1
humanparser,module,0,0,0,0,0,0,3,0,0
iban,module,0,0,0,0,0,0,6,0,0
image-to-base64,module-function,0,0,0,0,0,0,0,0,1
imagemin-svgo,module-function,0,0,1,0,0,0,0,0,1
imap,module-class,1,0,0,0,0,0,0,0,0
imul,module-function,1,0,0,0,0,0,0,0,0
inflection,module,0,0,0,0,0,0,17,0,0
inflation,module-function,0,0,0,0,2,0,0,0,1
intercept-stdout,module-function,0,1,0,0,1,0,0,0,1
intersect,module,1,0,0,0,0,0,0,0,0
intersperse,module-function,0,0,2,0,0,0,0,0,1
ip-subnet-calculator,module,0,7,2,0,0,0,4,0,0
iri,module,0,0,0,0,0,2,2,0,0
irc,module,0,0,0,0,0,0,11,0,0
is-absolute,module-function,0,0,0,0,0,0,0,0,1
is-base64,module-function,0,0,1,0,0,0,0,0,1
is-dotfile,module-function,0,0,0,0,0,0,0,0,1
is-dotdir,module-function,0,0,0,0,0,0,0,0,1
is-even,module-function,0,0,0,0,0,0,0,0,1
is-function,module-function,0,1,0,0,0,0,0,0,1
is-finite,module-function,0,0,0,0,1,0,0,0,1
is-generator,module-function,0,0,1,0,0,0,0,0,1
is-generator-function,module-function,0,0,1,0,0,0,0,0,1
is-git-url,module-function,0,0,0,0,0,0,0,0,1
is-glob,module-function,0,1,1,0,0,0,0,0,1
is-integer,module-function,0,1,0,0,0,0,0,0,1
is-negated-glob,module-function,0,0,0,0,0,0,0,0,1
is-number-like,module-function,0,1,0,0,0,0,0,0,1
is-object,module-function,0,1,0,0,0,0,0,0,1
is-number,module-function,0,1,0,0,0,0,0,0,1
is-odd,module-function,0,0,0,0,0,0,0,0,1
is-running,module-function,0,0,0,0,0,0,0,0,1
is-typedarray,module-function,1,0,0,0,0,0,0,0,0
is-unc-path,module-function,0,0,0,0,0,0,0,0,1
is-url,module-function,0,0,1,0,0,0,0,0,1
is-utf8,module-function,1,0,0,0,0,0,0,0,0
is-valid-domain,module-function,0,0,1,0,1,0,0,0,1
is-valid-path,module-function,0,0,1,0,0,0,0,0,1
is-valid-zipcode,module-function,0,1,0,0,0,0,0,0,1
is-valid-glob,module-function,0,1,0,0,0,0,0,0,1
isarray,module-function,0,0,0,0,1,0,0,0,1
is-windows,module-function,0,0,0,0,0,0,0,0,1
isbn-utils,module,0,2,0,0,0,3,0,0,0
isstream,module-function,1,0,0,0,0,0,0,0,0
jalaali-js,module,0,0,4,2,0,0,0,1,0
isomorphic-form-data,module,1,0,0,0,0,0,0,0,0
jackrabbit,module,1,0,0,0,0,0,0,0,0
jest-image-snapshot,module,0,0,0,0,0,3,2,0,0
jfs,module,1,0,0,0,0,0,0,0,0
jju,module,0,0,0,0,0,8,2,0,0
jjv,module-function,0,0,0,0,0,0,0,0,1
jest-preset-stylelint,module,0,0,0,0,0,0,2,0,0
js-quantities,module,0,0,0,0,0,0,2,0,0
js-string-escape,module-function,1,0,0,0,0,0,0,0,0
jsdoc-to-markdown,module,1,0,0,0,0,0,0,0,0
jsbn,module,0,0,0,0,0,0,2,0,0
jsend,module,0,0,0,0,0,0,7,0,0
json-bigint,module,1,0,0,0,0,0,0,0,0
json-dup-key-validator,module,1,0,0,0,0,0,0,0,0
json-diff,module,1,0,0,0,0,0,0,0,0
json-stable-stringify,module-function,0,1,1,0,0,0,0,0,1
json-templates,module-function,0,1,0,3,0,0,0,0,1
json-stringify-safe,module-function,0,4,0,0,0,0,0,0,1
json2mq,module-function,0,0,1,0,0,0,0,0,1
json2md,module-function,0,0,1,1,0,0,0,0,1
jsonapi-serializer,module,0,0,0,0,0,0,4,0,0
jsonfile,module,0,1,2,0,2,6,2,0,0
jsonlines,module,1,0,0,0,0,0,0,0,0
jsonpack,module,0,0,0,0,1,2,0,0,0
jsonp,module-function,1,0,0,0,0,0,0,0,0
jsonquery,module-function,0,0,1,2,0,0,0,0,1
jsontoxml,module-function,0,4,0,0,4,0,0,0,1
jspath,module,0,0,0,0,0,1,0,0,0
jsreport-core,module-function,1,0,0,0,0,0,0,0,0
jsreport-jsrender,module-function,0,0,0,3,0,0,0,0,1
jsum,module,0,0,0,0,0,2,0,0,0
jwk-to-pem,module-function,0,0,3,1,3,0,0,1,1
jwt-simple,module,0,2,0,1,0,0,0,0,0
jxon,module,0,12,0,0,0,7,0,0,0
karma-nyan-reporter,module,0,0,0,0,0,0,1,0,0
kcors,module-function,1,0,0,0,0,0,0,0,0
keyboardjs,module,1,0,0,0,0,0,0,0,0
kii-cloud-sdk,module,1,0,0,0,0,0,0,0,0
kind-of,module-function,0,2,27,0,29,0,0,1,1
keygrip,module,1,0,0,0,0,0,0,0,0
kissfft-js,module,0,0,0,0,0,0,0,0,0
kms-json,module-class,0,2,0,0,0,2,0,0,0
klaw-sync,module-function,0,0,1,0,3,0,0,1,1
koa-bodyparser,module-function,1,0,0,0,0,0,0,0,0
koa-basic-auth,module-function,0,0,0,0,0,0,0,0,1
koa-bouncer,module,1,0,0,0,0,0,0,0,0
koa-cache-control,module-function,0,0,0,0,10,0,0,0,1
koa-compose,module-function,0,0,8,0,0,0,0,1,1
koa-conditional-get,module-function,0,0,0,0,0,0,0,0,1
koa-ejs,module-function,1,0,0,0,0,0,0,0,0
koa-compress,module-function,0,0,0,1,6,0,0,0,1
koa-etag,module-function,0,0,1,0,0,0,0,0,1
koa-html-minifier,module-function,0,0,0,0,1,0,0,0,1
koa-json,module-function,0,1,0,0,0,0,0,0,1
koa-joi-router-docs,module,1,0,0,0,0,0,0,0,0
koa-multer,module-function,0,0,0,0,3,0,0,0,1
koa-morgan,module-function,0,0,7,1,24,0,0,1,1
koa-logger,module-function,1,0,0,0,0,0,0,0,0
koa-mount,module-function,1,0,0,0,0,0,0,0,0
koa-proxy,module-function,1,0,0,0,0,0,0,0,0
koa-passport,module,1,0,0,0,0,0,0,0,0
koa-qs,module-function,0,1,1,0,0,0,0,0,1
koa-range,module,0,0,0,0,0,0,0,0,0
koa-ratelimit-lru,module-function,0,0,0,1,8,0,0,0,1
koa-redis-cache,module-function,0,0,0,1,8,0,0,0,1
koa-route,module,0,0,0,0,0,0,34,0,0
koa-router,module-class,0,2,14,1,18,52,0,2,0
koa-static,module-function,1,0,0,0,0,0,0,0,0
koa-sslify,module,0,0,0,0,8,4,2,0,0
koa-webpack,module-function,1,0,0,0,0,0,0,0,0
koa-xml-body,module-function,0,2,0,1,8,0,0,1,1
kompression,module-function,1,0,0,0,0,0,0,0,0
koa-static-cache,module-function,1,0,0,0,0,0,0,0,0
kraken-js,module-function,0,0,2,6,0,0,0,1,1
labeled-stream-splicer,module-function,0,0,2,6,1,0,0,1,1
langs,module,0,0,0,0,0,0,6,0,0
kue,module,1,0,0,0,0,0,0,0,0
last-element,module-function,0,0,2,0,0,0,0,1,1
lazy-property,module-function,0,2,0,0,0,0,0,0,1
lazypipe,module-function,0,0,0,0,0,0,0,1,1
ldap-filters,module,1,0,0,0,0,0,0,0,0
leaflet-polylinedecorator,module,1,0,0,0,0,0,0,0,0
leakage,module,1,0,0,0,0,0,0,0,0
less-middleware,module-function,0,0,0,0,9,0,0,0,1
less2sass,module,0,0,0,0,0,0,8,0,0
level-codec,module,1,0,0,0,0,0,0,0,0
level-ttl,module-function,1,0,0,0,0,0,0,0,0
lil-uri,module-function,1,0,0,0,0,0,0,0,0
lil-uuid,module,1,0,0,0,0,0,0,0,0
lexicographic-integer,module,1,0,0,0,0,0,0,0,0
line-column,module-function,1,0,0,0,0,0,0,0,0
line-navigator,module-class,0,5,0,0,1,0,12,0,0
line-reader,module,0,0,0,0,0,0,2,0,0
linesert,module-function,0,0,1,0,0,0,0,0,1
linear-gradient,module-class,0,0,1,0,0,1,0,0,0
list-git-remotes,module-function,1,0,0,0,0,0,0,0,0
list-stream,module,1,0,0,0,0,0,0,0,0
localized-countries,module-function,1,0,0,0,0,0,0,0,0
locks,module,0,1,0,0,0,1,0,0,0
logg,module,1,0,0,0,0,0,0,0,0
logfmt,module,1,0,0,0,0,0,0,0,0
logrotate-stream,module-function,1,0,0,0,0,0,0,0,0
luhn-generator,module,1,0,0,0,0,0,0,0,0
loopback-boot,module-function,1,0,0,0,0,0,0,0,0
lyricist,module-class,1,0,0,0,0,0,0,0,0
mailcheck,module,1,0,0,0,0,0,0,0,0
main-bower-files,module-function,0,0,0,8,24,0,0,1,1
make-fetch-happen,module,1,0,0,0,0,0,0,0,0
markdown-it,module,1,0,0,0,0,0,0,0,0
markdown-it-highlightjs,module,0,0,0,0,0,0,0,0,0
markdown-it-container,module,1,0,0,0,0,0,0,0,0
markdown-it-lazy-headers,module-function,1,0,0,0,0,0,0,0,0
markdown-it-link-attributes,module,1,0,0,0,0,0,0,0,0
markdown-it-emoji,module,1,0,0,0,0,0,0,0,0
markdown-it-plantuml,module,0,0,0,0,0,0,0,0,0
marked-terminal,module-class,0,0,0,1,23,0,2,0,0
markdown-pdf,module-function,1,0,0,0,0,0,0,0,0
matchmediaquery,module-function,0,1,1,0,0,0,0,0,1
math-random,module,1,0,0,0,0,0,0,0,0
math-sign,module-function,0,0,0,0,1,0,0,0,1
math-trunc,module-function,0,0,1,0,0,0,0,0,1
math3d,module,1,0,0,0,0,0,0,0,0
md5,module-function,0,1,3,4,1,0,0,1,1
mdurl,module,1,0,0,0,0,0,0,0,0
media-typer,module,0,0,0,0,0,0,0,0,0
mdv,module,0,0,0,0,0,2,1,0,0
mem-cache,module-class,0,2,0,0,0,0,3,0,0
mem-fs,module,0,0,0,0,0,0,0,0,0
memory-cache,module,1,0,0,0,0,0,0,0,0
memcached,module-class,1,0,0,0,0,0,0,0,0
memory-fs,module-class,0,5,2,3,0,16,0,2,0
memoizee,module-function,0,0,5,6,20,0,0,1,1
memory-pager,module,1,0,0,0,0,0,0,0,0
merge-deep,module-function,0,6,24,0,18,0,0,1,1
merge-stream,module-function,0,0,0,0,1,0,0,0,1
mercadopago,module,1,0,0,0,0,0,0,0,0
merge-env,module-function,0,1,0,0,0,0,0,0,1
merge2,module-function,0,0,0,0,21,0,0,1,1
merkle,module-function,0,1,0,0,0,0,0,0,1
method-override,module-function,0,0,2,0,0,0,0,0,1
metascraper-address,module-function,0,0,0,0,0,0,0,0,1
metric-suffix,module-function,0,1,0,0,0,0,0,0,1
micro-events,module-class,0,3,0,0,0,0,2,0,0
milliseconds,module,0,0,0,0,0,0,7,0,0
mime,module,0,0,0,0,0,3,8,0,0
mime-types,module,0,0,4,0,0,0,0,4,0
minimal-request-promise,module-function,0,0,1,5,0,0,0,0,1
mithril,module,1,0,0,0,0,0,0,0,0
mixpanel,module,1,0,0,0,0,0,0,0,0
mitm,module,1,0,0,0,0,0,0,0,0
mkcert,module,1,0,0,0,0,0,0,0,0
mkdirp,module-function,0,0,1,0,2,0,0,1,1
mkpath,module-function,0,0,2,14,1,0,0,1,1
ml-levenberg-marquardt,module-function,0,3,4,3,4,0,0,1,1
mocha-phantomjs,module,0,0,0,0,0,0,2,0,0
mocha-prepare,module-function,0,2,0,0,0,0,0,0,1
mock-fs,module-function,0,0,0,2,1,0,0,0,1
mochawesome,module-class,1,0,0,0,0,0,0,0,0
mock-require,module,1,0,0,0,0,0,0,0,0
mockery,module,1,0,0,0,0,0,0,0,0
modesl,module,1,0,0,0,0,0,0,0,0
module-alias,module-function,1,0,0,0,0,0,0,0,0
modular-scale,module,1,0,0,0,0,0,0,0,0
modularscale,module-function,1,0,0,0,0,0,0,0,0
moment-business-time,module,0,0,0,0,0,0,0,0,0
money-math,module,0,1,2,0,0,0,0,1,0
mongo-sanitize,module-function,0,0,5,0,0,0,0,1,1
mongodb-uri,module,0,0,0,0,2,1,0,0,0
mongodb-queue,module-function,0,0,1,0,2,0,0,0,1
mongoose-deep-populate,module-function,1,0,0,0,0,0,0,0,0
mongoose-aggregate-paginate-v2,module-function,1,0,0,0,0,0,0,0,0
mongoose-delete,module-function,1,0,0,0,0,0,0,0,0
mongoose-paginate,module,0,0,0,0,0,0,0,0,0
mongoose-sequence,module,0,0,0,0,0,0,0,0,0
mongration,module,1,0,0,0,0,0,0,0,0
moo,module,1,0,0,0,0,0,0,0,0
morgan,module-function,1,0,0,0,0,0,0,0,0
mouse-event-offset,module-function,0,0,0,5,0,0,0,0,1
morgan-json,module-function,1,0,0,0,0,0,0,0,0
motion-sensors-polyfill,module,1,0,0,0,0,0,0,0,0
mousetrap,module,0,0,0,0,0,0,0,0,0
mpromise,module-class,0,0,0,0,1,9,1,0,0
mri,module-function,0,1,4,0,5,0,0,1,1
mudder,module,0,0,0,0,0,1,0,0,0
mssql,module,0,0,0,0,0,0,8,0,0
multi-number-parse,module-function,0,0,2,0,0,0,0,0,1
multi-typeof,module-function,0,1,1,0,0,0,0,0,1
multipipe,module-function,0,0,0,0,120,0,0,1,1
multicast-dns,module-function,0,8,0,0,2,0,0,0,1
multisort,module-function,0,2,4,2,0,0,0,0,1
muri,module-function,0,0,0,0,0,0,0,0,0
mustache-express,module-function,0,0,0,0,0,0,0,1,1
mv,module-function,0,1,1,1,3,0,0,1,1
mutexify,module-function,0,0,0,0,0,0,0,0,1
mysql-import,module,1,0,0,0,0,0,0,0,0
mz,module,0,0,0,0,0,0,10,0,0
nano-cache,module-class,1,0,0,0,0,0,0,0,0
nanoassert,module-function,0,2,0,0,0,0,0,0,1
nanoajax,module,0,0,0,0,0,1,7,0,0
nanographql,module-function,0,0,1,0,0,0,0,0,1
nanp,module,1,0,0,0,0,0,0,0,0
ndjson,module,0,2,0,0,0,0,0,0,0
negotiator,module-class,0,2,0,0,0,6,0,0,0
neverbounce,module-class,0,0,0,0,3,4,0,0,0
nexpect,module,0,1,1,2,18,0,0,1,0
ng-facebook,module,0,0,0,0,0,0,1,0,0
noble,module,1,0,0,0,0,0,0,0,0
nise,module,0,0,0,0,0,0,6,0,0
node-crate,module,1,0,0,0,0,0,0,0,0
node-cron,module,1,0,0,0,0,0,0,0,0
node-dir,module,0,2,3,12,31,0,0,4,0
node-emoji,module,0,0,0,1,0,7,1,0,0
node-gcm,module,1,0,0,0,0,0,0,0,0
node-horseman,module-class,0,1,0,0,0,70,0,0,0
node-int64,module-class,0,4,2,0,0,5,0,1,0
node-ipc,module,1,0,0,0,0,0,0,0,0
node-mailjet,module,1,0,0,0,0,0,0,0,0
node-netstat,module-function,0,7,0,0,0,0,0,0,1
node-openload,module-function,0,0,0,0,6,0,0,1,1
node-phpass,module,0,0,0,0,0,0,0,0,0
node-ral,module,1,0,0,0,0,0,0,0,0
node-rsa,module-class,1,0,0,0,0,0,0,0,0
node-sass-middleware,module-function,0,0,0,0,9,0,0,0,1
node-statsd,module,0,0,0,0,0,0,14,0,0
node-wget-promise,module-function,1,0,0,0,0,0,0,0,0
node-vagrant,module,0,0,0,0,0,17,14,0,0
node-zookeeper-client,module,1,0,0,0,0,0,0,0,0
nodecredstash,module-function,1,0,0,0,0,0,0,0,0
nodemailer-express-handlebars,module-function,0,0,1,0,0,0,0,0,1
nodemailer-mailgun-transport,module-function,1,0,0,0,0,0,0,0,0
nodemailer-smtp-pool,module-function,0,0,0,0,15,0,0,0,1
nodemailer-smtp-transport,module-function,0,0,0,3,20,0,0,0,1
nodeunit,module,0,0,0,0,0,0,6,0,0
nodemon,module-function,1,0,0,0,0,0,0,0,0
nonogram-solver,module-function,0,0,3,3,0,0,0,1,1
normalplaytime,module,0,0,0,0,0,0,0,0,0
normalize-path,module-function,0,0,0,0,0,0,0,0,1
npm-cache-filename,module-function,1,0,0,0,0,0,0,0,0
npm-package-arg,module-function,0,1,0,0,0,0,0,0,1
npm-license-crawler,module,1,0,0,0,0,0,0,0,0
npm-paths,module-function,0,1,0,0,0,0,0,0,1
npm-packlist,module-function,0,0,2,1,1,0,0,1,1
npm-profile,module,1,0,0,0,0,0,0,0,0
npm-registry-fetch,module-function,0,0,1,0,2,0,0,1,1
nslog,module,1,0,0,0,0,0,0,0,0
nsqjs,module,1,0,0,0,0,0,0,0,0
num2fraction,module-function,0,2,0,0,0,0,0,1,1
nssm,module-function,0,0,1,0,1,0,0,0,1
number-to-words,module,1,0,0,0,0,0,0,0,0
number-is-nan,module-function,0,0,1,0,0,0,0,0,1
nut-pipe,module,1,0,0,0,0,0,0,0,0
nyaapi,module,1,0,0,0,0,0,0,0,0
nunjucks-date,module,1,0,0,0,0,0,0,0,0
oakdex-pokedex,module,1,0,0,0,0,0,0,0,0
oauth2-server,module-class,1,0,0,0,0,0,0,0,0
oauth-shim,module,1,0,0,0,0,0,0,0,0
object-diff,module-function,0,0,0,0,2,0,0,0,1
oauth2orize,module,1,0,0,0,0,0,0,0,0
object-joiner,module-function,0,0,0,5,0,0,0,0,1
object-map,module-function,0,1,1,3,0,0,0,0,1
object-mapper,module,1,0,0,0,0,0,0,0,0
object-keys,module-function,0,0,0,5,0,0,0,0,1
object-path,module,1,0,0,0,0,0,0,0,0
object-merge,module,1,0,0,0,0,0,0,0,0
object-refs,module-class,1,0,0,0,0,0,0,0,0
objtools,module,1,0,0,0,0,0,0,0,0
oibackoff,module,1,0,0,0,0,0,0,0,0
on-finished,module-function,0,1,1,0,0,0,0,0,1
oblo-util,module,1,0,0,0,0,0,0,0,0
omit-empty,module-function,0,1,2,0,2,0,0,1,1
on-headers,module-function,0,1,1,0,0,0,0,0,1
once,module,1,0,0,0,0,0,0,0,0
one-time,module-function,0,0,1,0,0,0,0,0,1
oniguruma,module,1,0,0,0,0,0,0,0,0
ooura,module-class,1,0,0,0,0,0,0,0,0
openapi-factory,module-class,0,0,0,0,2,20,0,0,0
optimist,module,1,0,0,0,0,0,0,0,0
orchestrator,module-class,0,1,2,1,21,12,4,1,0
os-tmpdir,module-function,0,0,0,0,0,0,0,0,1
orientjs,module-function,1,0,0,0,0,0,0,0,0
os-homedir,module-function,0,0,0,0,0,0,0,0,1
ot,module,0,0,0,0,0,0,1,0,0
pad-left,module-function,0,0,3,0,0,0,0,0,1
owasp-password-strength-test,module,0,0,1,0,0,0,0,0,0
pacote,module,1,0,0,0,0,0,0,0,0
parity-pmd,module,0,0,0,0,0,2,0,0,0
parity-pmr,module,0,0,0,0,12,0,0,0,0
parity-poe,module,0,0,0,0,21,0,0,0,0
parquetjs,module,0,0,0,0,0,0,2,0,0
parse-author,module-function,0,0,0,0,0,0,0,0,1
parse-cache-control,module-function,0,0,0,0,0,0,0,0,1
parse-color,module-function,0,0,0,0,0,0,0,0,1
parse-filepath,module-function,0,0,1,1,0,0,0,0,1
parse-full-name,module,0,8,2,0,0,0,0,1,0
parse-git-config,module-function,0,1,3,2,0,0,0,1,1
parse-gitignore,module-function,0,1,0,0,0,0,0,0,1
parse-glob,module,1,0,0,0,0,0,0,0,0
parse-human-date-range,module-function,0,0,0,0,0,0,0,0,1
parse-key,module-function,0,0,1,1,0,0,0,0,1
parse-markdown-links,module-function,0,0,0,0,0,0,0,0,1
parse-numeric-range,module-function,1,0,0,0,0,0,0,0,0
parse-mockdb,module,1,0,0,0,0,0,0,0,0
parse-passwd,module-function,0,0,0,0,0,0,0,0,1
parse-path,module-function,0,0,0,0,0,0,0,0,1
parse-prefer-header,module-function,0,0,1,0,0,0,0,0,1
parse-unit,module-function,0,1,0,1,0,0,0,0,1
parsecurrency,module-function,0,0,0,0,0,0,0,1,1
parseurl,module-function,0,0,0,2,0,0,0,0,1
parsimmon,module-function,1,0,0,0,0,0,0,0,0
pascalcase,module-function,0,0,0,0,0,0,0,1,1
passport,module,1,0,0,0,0,0,0,0,0
passport-anonymous,module,1,0,0,0,0,0,0,0,0
passport-auth-token,module-class,0,0,0,1,14,0,1,1,0
passport-bnet,module-class,1,0,0,0,0,0,0,0,0
passport-auth0,module-class,0,2,0,4,5,1,1,1,0
passport-facebook,module,1,0,0,0,0,0,0,0,0
passport-github,module-class,0,4,0,24,4,0,1,1,0
passport-github2,module,1,0,0,0,0,0,0,0,0
passport-google-oauth2,module,1,0,0,0,0,0,0,0,0
passport-google-oauth20,module,1,0,0,0,0,0,0,0,0
passport-http-bearer,module,1,0,0,0,0,0,0,0,0
passport-instagram,module,1,0,0,0,0,0,0,0,0
passport-instagram-graph,module,1,0,0,0,0,0,0,0,0
passport-instagram-token,module,1,0,0,0,0,0,0,0,0
passport-jwt,module,1,0,0,0,0,0,0,0,0
passport-local,module,1,0,0,0,0,0,0,0,0
passport-linkedin-oauth2,module,0,0,0,0,0,0,0,0,0
passport-local-mongoose,module,0,0,0,0,0,0,0,0,0
passport-oauth2-client-password,module,1,0,0,0,0,0,0,0,0
passport-saml,module,1,0,0,0,0,0,0,0,0
passport-twitter,module,1,0,0,0,0,0,0,0,0
passport-vkontakte,module,1,0,0,0,0,0,0,0,0
passport-steam,module-function,0,2,0,0,0,0,0,0,1
password-hash-and-salt,module-function,1,0,0,0,0,0,0,0,0
path-is-absolute,module-function,1,0,0,0,0,0,0,0,0
path-parse,module,0,0,0,0,0,0,1,0,0
path-is-inside,module-function,0,0,0,0,0,0,0,0,1
path-regex,module-function,0,0,0,0,0,0,0,0,1
paystack,module-function,0,0,1,0,0,0,0,0,0
pause,module-function,0,0,1,0,0,0,0,0,1
pem-jwk,module,1,0,0,0,0,0,0,0,0
pg-ears,module-function,1,0,0,0,0,0,0,0,0
pg-escape,module-function,0,0,0,0,1,0,0,0,1
phone-formatter,module,0,0,0,0,0,0,2,0,0
pick-deep,module-function,0,0,2,0,1,0,0,0,1
pick-weight,module,1,0,0,0,0,0,0,0,0
pinkyswear,module,0,0,0,0,0,0,0,0,0
pikaday,module-class,1,0,0,0,0,0,0,0,0
pinyin,module-function,0,0,1,0,1,0,0,0,1
pipes-and-filters,module,0,0,1,0,0,1,0,0,0
pixelmatch,module-function,1,0,0,0,0,0,0,0,0
pizzip,module-class,1,0,0,0,0,0,0,0,0
piwik-tracker,module-class,0,0,0,0,55,0,3,0,0
platform,module,1,0,0,0,0,0,0,0,0
pkcs7-padding,module,0,0,2,0,0,2,0,1,0
plist,module,0,1,1,0,0,1,0,0,0
pleasejs,module,0,0,0,0,0,0,1,0,0
pluralize,module-function,1,0,0,0,0,0,0,0,0
podium,module,0,0,0,0,0,0,0,0,0
polygon,module-class,1,0,0,0,0,0,0,0,0
polygon-lookup,module-class,0,1,2,3,0,0,2,0,0
polygon-selfintersect,module,1,0,0,0,0,0,0,0,0
polyline,module,0,0,0,0,0,0,3,0,0
polygons-intersect,module-function,0,0,0,0,4,0,0,0,1
port-numbers,module,0,0,0,0,0,2,0,0,0
postcss-custom-properties,module,0,0,0,0,0,0,0,0,0
postcss-url,module,1,0,0,0,0,0,0,0,0
postcss-less,module,1,0,0,0,0,0,0,0,0
pre-suf,module,0,0,0,0,0,0,0,0,0
pretty-time,module-function,0,0,2,0,0,0,0,0,1
pretty,module-function,0,0,0,0,1,0,0,0,1
prettyjson,module,1,0,0,0,0,0,0,0,0
pretty-hrtime,module-function,0,0,1,0,0,0,0,0,1
priorityqueuejs,module-class,0,1,1,0,0,0,4,1,0
prismjs,module,0,0,0,0,0,5,3,0,0
procfs-stats,module-function,1,0,0,0,0,0,0,0,0
progress-stream,module-function,0,5,1,8,0,0,0,1,1
project-name,module-function,0,0,0,0,0,0,0,0,1
project-name-generator,module-function,1,0,0,0,0,0,0,0,0
project-oxford,module,0,0,0,0,0,0,0,0,0
projections,module,1,0,0,0,0,0,0,0,0
promise-abortable,module-class,0,0,0,0,1,14,0,0,0
promise-memoize,module-function,0,0,3,0,1,0,0,1,1
promise-dag,module,0,0,0,0,0,1,2,0,0
promise-poller,module,0,0,0,0,0,1,0,0,0
promise-nodeify,module,1,0,0,0,0,0,0,0,0
promise-retry,module-function,0,0,4,0,0,0,0,1,1
promise-sequential,module-function,0,1,0,0,0,0,0,0,1
promise-timeout,module,0,0,1,0,0,0,0,0,0
promised-ldap,module-class,1,0,0,0,0,0,0,0,0
promisify-node,module-function,0,1,2,0,0,0,0,1,1
promised-temp,module,0,0,0,0,0,0,4,0,0
promisify-supertest,module-function,0,0,2,4,0,0,0,1,1
protractor-browser-logs,module-function,0,0,1,0,1,0,0,0,1
protocols,module-function,0,1,1,0,0,0,0,1,1
proxyquire,module,0,0,0,0,0,0,1,0,0
ps-node,module,1,0,0,0,0,0,0,0,0
pseudo-audio-param,module-class,1,0,0,0,0,0,0,0,0
pseudo-localization,module,0,0,0,0,0,0,4,0,0
ps-tree,module-function,0,0,2,0,0,0,0,0,1
pull-stream,module-function,0,6,21,1,78,0,0,1,1
pump,module-function,0,0,0,0,3,0,0,1,1
pumpify,module-class,1,0,0,0,0,0,0,0,0
purdy,module-function,0,0,1,0,9,0,0,0,0
punycode,module,0,0,0,0,0,0,0,0,0
pwd-strength,module-function,0,0,0,0,8,0,0,0,1
q-io,module,1,0,0,0,0,0,0,0,0
qr-image,module,0,0,0,0,0,7,4,0,0
qrcode-svg,module-class,1,0,0,0,0,0,0,0,0
qrcode-terminal,module,1,0,0,0,0,0,0,0,0
quick-format-unescaped,module-function,0,1,2,0,2,0,0,1,1
querystringify,module,0,0,0,0,3,0,0,0,0
quick-hash,module-function,0,1,1,0,0,0,0,0,1
quotesy,module,0,0,0,0,0,1,0,0,0
quoted-printable,module,0,0,0,0,0,0,6,0,0
radix64,module,0,0,0,0,0,0,2,0,0
random-boolean,module-function,0,0,0,0,0,0,0,0,1
raf,module,1,0,0,0,0,0,0,0,0
random-name,module,0,0,0,0,0,4,2,0,0
random-normal,module-function,0,0,0,0,2,0,0,0,1
random-number,module,1,0,0,0,0,0,0,0,0
random-words,module-function,0,0,2,0,0,0,0,1,1
randomatic,module-function,0,1,4,2,0,0,0,1,1
randomstring,module,0,0,0,0,0,0,1,0,0
randombytes,module,1,0,0,0,0,0,0,0,0
raphael,module,0,0,0,0,0,0,0,0,0
range-parser,module-function,0,1,0,0,1,0,0,1,0
ratelimiter,module-class,0,2,0,0,0,2,0,0,0
rbac-a,module,1,0,0,0,0,0,0,0,0
rdf-dataset-indexed,module-function,1,0,0,0,0,0,0,0,0
rc,module-function,1,0,0,0,0,0,0,0,0
rdf-transform-triple-to-quad,module-class,0,0,1,0,1,0,1,0,0
rdf-validate-datatype,module,0,0,2,0,0,0,0,0,0
react-adaptive-hooks,module,1,0,0,0,0,0,0,0,0
react-body-classname,module-class,1,0,0,0,0,0,0,0,0
react-cytoscapejs,module-class,1,0,0,0,0,0,0,0,0
react-hyperscript,module-function,0,2,3,1,1,0,0,1,1
react-loader,module-class,1,0,0,0,0,0,0,0,0
react-native-joi,module,1,0,0,0,0,0,0,0,0
react-native-sensor-manager,module,1,0,0,0,0,0,0,0,0
react-select-country-list,module-function,0,0,0,0,0,0,0,0,1
read-json-sync,module-function,1,0,0,0,0,0,0,0,0
readline-transform,module,1,0,0,0,0,0,0,0,0
recaptcha2,module-class,1,0,0,0,0,0,0,0,0
recase,module,1,0,0,0,0,0,0,0,0
recharts-scale,module,1,0,0,0,0,0,0,0,0
rechoir,module,0,0,0,0,0,1,1,0,0
reconnect-core,module-function,0,1,0,0,0,0,0,0,1
redact-axios-error,module,1,0,0,0,0,0,0,0,0
redis-errors,module,0,0,0,0,0,0,0,0,0
redis-mock,module,0,0,0,0,0,0,0,0,0
redis-rate-limiter,module-class,1,0,0,0,0,0,0,0,0
redis-scripto,module-class,1,0,0,0,0,0,0,0,0
redux-action-utils,module,0,0,0,0,4,0,0,2,0
redlock,module-class,0,7,0,0,0,11,0,0,0
ref,module,1,0,0,0,0,0,0,0,0
ref-array,module,1,0,0,0,0,0,0,0,0
ref-struct,module,1,0,0,0,0,0,0,0,0
regenerate,module-class,1,0,0,0,0,0,0,0,0
registry-auth-token,module-function,1,0,0,0,0,0,0,0,0
rename,module-function,0,2,2,2,0,0,0,1,1
remote-origin-url,module-function,0,1,3,2,0,0,0,1,1
remove-markdown,module-function,0,0,0,0,4,0,0,0,0
repeat-string,module-function,0,0,1,0,0,0,0,0,1
replacestream,module-function,0,0,1,0,5,0,0,0,1
request-debug,module-function,0,0,1,0,0,0,0,0,1
requestidlecallback,module,1,0,0,0,0,0,0,0,0
request,module,1,0,0,0,0,0,0,0,0
require-all,module-function,0,0,0,6,0,0,0,0,1
require-directory,module-function,0,1,2,2,2,0,0,0,1
require-from-string,module-function,0,3,0,2,6,0,0,0,1
requireindex,module-function,1,0,0,0,0,0,0,0,0
reserved-words,module,0,0,0,0,0,1,1,0,0
reservoir,module-function,0,2,0,0,0,0,0,0,0
resolve-path,module-function,0,0,1,1,0,0,0,1,1
resolve-protobuf-schema,module-function,0,1,0,0,0,0,0,0,0
response-time,module-function,0,0,0,0,0,0,0,1,1
rest,module,1,0,0,0,0,0,0,0,0
retry-as-promised,module,1,0,0,0,0,0,0,0,0
rewire,module-function,0,0,0,0,0,0,0,1,1
rfc2047,module,0,0,2,0,0,0,0,0,0
rijndael-js,module-class,0,0,1,0,1,2,3,0,0
right-align,module-function,0,1,0,0,0,0,0,0,1
ringbufferjs,module-class,0,1,2,0,0,0,1,0,0
ripemd160,module,1,0,0,0,0,0,0,0,0
robust-point-in-polygon,module-function,0,0,2,0,0,0,0,0,1
rollup-plugin-auto-external,module-function,1,0,0,0,0,0,0,0,0
root-check,module-function,1,0,0,0,0,0,0,0,0
roll,module-class,0,0,1,0,0,3,0,0,0
rosie,module,1,0,0,0,0,0,0,0,0
round,module-function,0,1,0,0,0,0,0,0,1
rsmq-worker,module,1,0,0,0,0,0,0,0,0
rsync,module,1,0,0,0,0,0,0,0,0
rtlcss,module,1,0,0,0,0,0,0,0,0
rtp-parser,module,0,0,1,0,0,0,0,1,0
rpi-gpio,module,0,0,0,0,0,0,2,0,0
rtree,module,1,0,0,0,0,0,0,0,0
run-parallel,module-function,0,2,4,2,0,0,0,1,0
run-sequence,module,0,0,0,0,0,0,2,0,0
rx-node,module,0,0,0,0,0,0,2,0,0
s3-download-stream,module-function,1,0,0,0,0,0,0,0,0
s3-upload-stream,module-function,1,0,0,0,0,0,0,0,0
sade,module-function,0,0,2,0,0,0,0,0,1
safe-compare,module-function,0,0,0,0,0,0,0,0,1
safe-json-stringify,module-function,0,2,1,0,0,0,0,0,1
safe-regex,module-function,0,0,1,0,1,0,0,0,1
saml2-js,module,1,0,0,0,0,0,0,0,0
samlp,module,0,0,0,0,0,0,3,0,0
saml20,module,1,0,0,0,0,0,0,0,0
saml,module,1,0,0,0,0,0,0,0,0
sane-email-validation,module-function,0,0,0,0,0,0,0,0,1
sane,module-function,1,0,0,0,0,0,0,0,0
sasl-anonymous,module-class,0,0,0,0,0,1,1,0,0
sasl-digest-md5,module-class,0,4,0,0,0,0,1,0,0
sasl-external,module-class,0,0,0,0,0,1,1,0,0
sasl-plain,module-class,0,0,1,0,0,0,1,0,0
sasl-scram-sha-1,module-class,0,1,0,0,7,0,1,0,0
sass-graph,module,1,0,0,0,0,0,0,0,0
saslmechanisms,module-class,0,1,2,1,2,0,1,2,0
sat,module,0,0,0,0,0,0,6,0,0
save-csv,module-function,0,1,0,0,2,0,0,1,1
save-pixels,module-function,0,0,3,0,4,0,0,1,1
saywhen,module-function,0,0,1,0,0,0,0,0,1
sax-stream,module-function,0,0,0,0,18,0,0,1,1
schluessel,module,0,0,0,0,0,0,0,0,0
sbd,module,0,0,0,0,7,0,8,0,0
sc-broker,module,1,0,0,0,0,0,0,0,0
scoped-http-client,module,0,0,0,0,0,2,3,0,0
screeps-profiler,module,0,0,0,0,0,0,0,0,0
scroller,module,1,0,0,0,0,0,0,0,0
secure-password,module-class,1,0,0,0,0,0,0,0,0
seed-random,module-function,0,1,0,0,2,0,0,0,0
secure-random-string,module-function,0,1,2,6,4,0,0,1,1
seededshuffle,module,0,6,0,2,0,0,3,2,0
semaphore,module-function,0,1,0,0,0,0,0,0,1
semver-stable,module,0,2,0,0,0,0,0,0,0
semver-compare,module-function,1,0,0,0,0,0,0,0,0
sendcloud,module-class,1,0,0,0,0,0,0,0,0
sequencify,module-function,0,3,1,0,0,0,0,0,1
sequester,module,1,0,0,0,0,0,0,0,0
server-destroy,module-function,0,0,1,0,0,0,0,0,1
serve-index,module-function,0,5,0,0,0,0,0,0,1
session-file-store,module-function,1,0,0,0,0,0,0,0,0
set-link,module,0,0,0,0,0,0,0,0,0
set-cookie-parser,module-function,0,1,9,0,6,0,0,1,1
set-value,module-function,0,6,12,0,24,0,0,1,1
sharpie,module-function,1,0,0,0,0,0,0,0,0
shell-quote,module,1,0,0,0,0,0,0,0,0
shimmer,module,1,0,0,0,0,0,0,0,0
shuffle-array,module,1,0,0,0,0,0,0,0,0
shuffle-seed,module,0,3,1,0,0,0,0,0,0
simplecrawler,module,1,0,0,0,0,0,0,0,0
sinon-chai,module,0,0,0,0,0,0,0,0,0
single-line-log,module,0,0,0,0,0,0,1,0,0
sinon-stub-promise,module-function,0,0,0,1,0,0,0,0,1
slack-node,module-class,0,2,0,0,7,2,1,1,0
slackify-html,module,1,0,0,0,0,0,0,0,0
smpte-timecode,module,0,0,0,0,0,0,0,0,0
smshelper,module,0,0,0,0,0,0,0,0,0
smtpapi,module,1,0,0,0,0,0,0,0,0
snowflake-sdk,module,0,0,0,0,0,4,10,0,0
socketio-jwt-auth,module,0,1,0,0,3,0,0,0,0
sort-array,module-function,0,2,4,0,0,0,0,1,1
sort-json,module-function,0,0,7,0,8,0,0,1,1
sorted-array-functions,module,0,20,10,0,0,0,0,0,0
sort-object-keys,module-function,0,0,1,8,0,0,0,0,1
sorted-object,module-function,0,0,1,4,0,0,0,1,1
source-list-map,module,0,0,0,0,0,1,1,0,0
soupbintcp,module,1,0,0,0,0,0,0,0,0
source-map-support,module,0,0,0,0,0,6,14,0,0
spdx-expression-parse,module-function,0,0,0,0,0,0,0,1,1
spark-md5,module-class,0,0,0,2,0,9,1,0,0
spdy,module,1,0,0,0,0,0,0,0,0
spectrogram,module,1,0,0,0,0,0,0,0,0
sql-bricks,module,0,0,0,0,0,0,0,0,0
sql-template,module-function,1,0,0,0,0,0,0,0,0
square-connect,module,1,0,0,0,0,0,0,0,0
ssh-key-decrypt,module-function,0,6,2,0,0,0,0,0,1
ssb-keys,module,1,0,0,0,0,0,0,0,0
standard-error,module-class,0,1,0,4,0,0,0,1,0
stale-lru-cache,module-class,0,0,0,1,4,10,0,0,0
static-eval,module-function,0,0,2,4,0,0,0,1,1
standard-http-error,module-class,0,5,0,1,0,0,1,1,0
stats-lite,module,0,8,6,0,0,2,4,2,0
statuses,module,1,0,0,0,0,0,0,0,0
stompit,module,1,0,0,0,0,0,0,0,0
std-mocks,module,0,0,4,0,4,0,0,1,0
stdout-stream,module,0,0,0,0,0,0,2,0,0
steamid,module-class,0,0,0,0,0,2,3,0,0
stompjs,module,0,0,0,0,0,6,14,0,0
stoppable,module-function,1,0,0,0,0,0,0,0,0
stream-buffers,module,0,0,0,0,0,0,0,0,0
stream-array,module-function,1,0,0,0,0,0,0,0,0
stream-each,module-function,0,2,1,0,0,0,0,0,1
stream-chain,module-class,0,0,1,0,1,0,0,0,0
stream-csv-as-json,module-function,1,0,0,0,0,0,0,0,0
stream-json,module-function,1,0,0,0,0,0,0,0,0
stream-meter,module-function,0,0,0,0,0,0,0,0,1
stream-series,module-function,0,0,1,2,0,0,0,0,1
stream-shift,module-function,1,0,0,0,0,0,0,0,0
stream-to-array,module-function,0,2,2,0,0,0,0,1,1
stream-to-promise,module-function,0,0,2,0,0,0,0,1,1
strict-uri-encode,module-function,0,0,1,0,0,0,0,0,1
streamsaver,module,1,0,0,0,0,0,0,0,0
string-format,module-function,0,0,0,5,0,0,0,0,1
string-natural-compare,module-function,0,0,1,0,0,0,0,0,1
string-placeholder,module-function,0,0,0,8,0,0,0,0,1
string-replace-webpack-plugin,module-class,0,0,0,0,0,2,2,0,0
string-similarity,module,0,1,0,0,0,0,0,0,0
string-template,module,1,0,0,0,0,0,0,0,0
strip-final-newline,module-function,1,0,0,0,0,0,0,0,0
stringify-author,module-function,0,0,1,0,0,0,0,0,1
strip-color,module-function,0,0,0,0,0,0,0,0,1
strong-log-transformer,module,1,0,0,0,0,0,0,0,0
structured-source,module-class,1,0,0,0,0,0,0,0,0
stubby,module,1,0,0,0,0,0,0,0,0
style-search,module-function,0,6,2,0,0,0,0,0,1
stylus,module,1,0,0,0,0,0,0,0,0
stylis,module,1,0,0,0,0,0,0,0,0
stylelint,module,0,0,0,0,0,3,1,0,0
subtitle,module,1,0,0,0,0,0,0,0,0
suncalc,module,0,1,0,0,0,1,0,0,0
superagent-proxy,module-function,0,0,1,1,0,0,0,0,1
superagent-retry-delay,module-function,0,0,1,0,0,0,0,0,1
superfine,module,0,1,3,3,4,0,0,1,0
supertest,module-function,0,1,0,0,0,0,0,0,1
svg-outline-stroke,module-function,0,1,0,0,1,0,0,0,1
svg-path-bounding-box,module-function,0,0,0,0,0,0,0,0,1
supports-color,module,1,0,0,0,0,0,0,0,0
svg-path-bbox,module,1,0,0,0,0,0,0,0,0
svgicons2svgfont,module-class,1,0,0,0,0,0,0,0,0
svgo,module,0,0,0,0,0,3,1,0,0
swagger-express-middleware,module,1,0,0,0,0,0,0,0,0
swagger-express-validator,module-function,0,0,0,0,1,0,0,0,0
swagger-express-mw,module,0,1,1,0,0,0,0,0,0
swagger-hapi,module,0,1,1,0,0,0,0,0,0
swagger-node-runner,module,1,0,0,0,0,0,0,0,0
swagger-restify-mw,module,0,1,1,0,0,0,0,0,0
swagger-sails-hook,module-function,0,0,0,1,0,0,0,0,1
swagger-ui-express,module,0,4,5,14,27,0,2,2,0
swe-validation,module,1,0,0,0,0,0,0,0,0
swaggerize-express,module-function,0,0,0,1,3,0,0,0,1
swig-email-templates,module-class,0,7,1,0,4,0,1,0,0
swiz,module,0,0,0,0,0,4,0,0,0
symlink-or-copy,module,0,0,2,0,0,0,1,0,0
symphony-api-client-node,module,0,0,0,0,0,10,0,0,0
synaptic,module,1,0,0,0,0,0,0,0,0
tableau,module,1,0,0,0,0,0,0,0,0
tapable,module,0,0,0,0,0,0,8,0,0
tabulator,module-class,1,0,0,0,0,0,0,0,0
tape-promise,module,0,0,0,0,0,1,0,0,0
tar-stream,module,0,1,0,0,2,0,6,0,0
tarantool-driver,module-class,1,0,0,0,0,0,0,0,0
teddy,module,1,0,0,0,0,0,0,0,0
temp,module,0,0,0,0,0,0,9,0,0
terminal-menu,module,0,0,0,0,0,0,8,0,0
textextensions,module,1,0,0,0,0,0,0,0,0
textr,module-function,0,1,0,0,0,0,0,0,1
textract,module,1,0,0,0,0,0,0,0,0
throttleit,module-function,0,0,1,0,0,0,0,0,1
through2-concurrent,module-function,1,0,0,0,0,0,0,0,0
throttle,module-class,0,1,0,0,0,0,2,0,0
through2-map,module-function,0,1,1,1,1,0,0,1,1
timer-machine,module-class,0,1,0,0,2,5,2,0,0
timestring,module-function,0,1,0,0,5,0,0,0,1
tmp,module,0,0,0,0,0,10,1,0,0
to-absolute-glob,module-function,0,0,0,0,2,0,0,0,1
to-px,module-function,0,0,1,0,1,0,0,0,1
to-json-schema,module-function,0,1,0,0,4,0,0,0,1
tokgen,module-class,0,2,6,4,0,0,0,1,0
toobusy-js,module-function,0,0,0,0,0,0,0,0,1
topojson,module,0,0,0,0,0,0,0,0,0
topojson-client,module,0,0,0,0,0,17,1,0,0
topojson-simplify,module,0,0,0,0,0,11,1,0,0
toposort,module-function,1,0,0,0,0,0,0,0,0
transform-coordinates,module-function,0,0,0,0,0,0,0,0,1
traverse,module-function,0,0,0,0,1,0,0,0,1
traverson,module,1,0,0,0,0,0,0,0,0
travis-fold,module,0,0,0,0,0,2,0,0,0
triple-beam,module,1,0,0,0,0,0,0,0,0
trim,module-function,0,0,1,0,0,0,0,0,0
tsc-watch,module,1,0,0,0,0,0,0,0,0
tsscmp,module-function,0,0,0,0,0,0,0,1,1
ttf2woff,module-function,0,0,0,0,1,0,0,0,1
turndown,module-class,1,0,0,0,0,0,0,0,0
type-is,module-function,0,0,6,2,0,0,0,0,1
tz-offset,module,0,2,0,0,0,0,0,0,0
ultron,module,1,0,0,0,0,0,0,0,0
uid-safe,module,1,0,0,0,0,0,0,0,0
underscore,module,1,0,0,0,0,0,0,0,0
unc-path-regex,module-function,0,0,0,0,0,0,0,0,1
uniq,module,1,0,0,0,0,0,0,0,0
unicode-trie,module-class,1,0,0,0,0,0,0,0,0
unique-hash-stream,module-function,0,1,0,0,0,0,0,0,1
unixify,module-function,0,0,0,0,0,0,0,0,1
universal-analytics,module-function,0,0,5,3,12,0,0,1,1
unordered-array-remove,module-function,0,1,1,0,0,0,0,1,1
unzip,module,0,0,0,0,0,2,4,0,0
unzipper,module,0,0,0,0,0,5,8,0,0
urix,module-function,0,0,0,0,0,0,0,0,1
url-join,module-function,0,0,0,0,2,0,0,1,1
url-match-patterns,module-function,1,0,0,0,0,0,0,0,0
url-params,module,0,3,0,0,0,0,0,0,0
url-search-params,module-class,1,0,0,0,0,0,0,0,0
url-safe-base64,module,0,0,0,0,0,0,0,0,0
urlencode,module-function,1,0,0,0,0,0,0,0,0
urlparser,module,0,0,0,0,0,0,1,0,0
urlrouter,module-function,0,1,0,1,0,0,0,0,1
urlsafe-base64,module,0,0,0,0,0,0,0,0,0
usage,module,1,0,0,0,0,0,0,0,0
useragent,module-function,1,0,0,0,0,0,0,0,0
utf8,module,0,0,0,0,0,0,6,0,0
utils-merge,module-function,0,0,1,2,0,0,0,0,1
uuid-1345,module,0,0,0,0,0,45,2,0,0
uuid-parse,module,0,3,1,0,0,0,0,0,0
uuid-validate,module-function,1,0,0,0,0,0,0,0,0
uuid-with-v6,module,1,0,0,0,0,0,0,0,0
valid-url,module,0,0,0,0,0,4,2,0,0
valid-data-url,module,1,0,0,0,0,0,0,0,0
vault-auth-aws,module-class,1,0,0,0,0,0,0,0,0
varint,module,0,0,0,0,0,1,3,0,0
vary,module-function,0,0,2,0,0,0,0,0,1
vcards-js,module-function,0,0,0,0,0,0,0,0,1
vec2,module-class,0,0,18,2,30,2,1,8,0
vhost,module-function,0,1,1,0,0,0,0,0,1
verror,module-class,1,0,0,0,0,0,0,0,0
victor,module-class,0,0,23,0,0,22,3,0,0
vimeo,module,1,0,0,0,0,0,0,0,0
vigour-ua,module-function,0,0,3,1,0,0,0,1,1
vinyl-buffer,module,1,0,0,0,0,0,0,0,0
vitalsigns,module,1,0,0,0,0,0,0,0,0
vinyl-fs,module,1,0,0,0,0,0,0,0,0
vmap,module-class,1,0,0,0,0,0,0,0,0
voucher-code-generator,module,1,0,0,0,0,0,0,0,0
vinyl-source-stream,module-function,1,0,0,0,0,0,0,0,0
wait-on,module-function,0,1,0,1,34,0,0,1,1
vscode-windows-registry,module,1,0,0,0,0,0,0,0,0
vue-markdown,module,1,0,0,0,0,0,0,0,0
wav,module,0,0,0,0,0,0,0,0,0
wav-encoder,module,1,0,0,0,0,0,0,0,0
wawoff2,module,1,0,0,0,0,0,0,0,0
wcwidth,module-function,0,0,1,0,0,0,0,0,1
webpack-hot-middleware,module-function,1,0,0,0,0,0,0,0,0
webpack-cdn-inject,module-class,0,0,0,0,2,0,0,0,0
webpack-livereload-plugin,module-class,0,0,0,0,7,7,0,0,0
webpack-notifier,module-class,0,0,0,0,6,0,0,0,0
webpagetest,module-class,1,0,0,0,0,0,0,0,0
webshot-node,module-function,0,0,0,0,12,0,0,1,1
websequencediagrams,module,1,0,0,0,0,0,0,0,0
week,module-function,0,1,0,0,0,0,0,0,1
websql,module,1,0,0,0,0,0,0,0,0
weighted,module,1,0,0,0,0,0,0,0,0
whatwg-url,module,1,0,0,0,0,0,0,0,0
whitelist-object,module-function,1,0,0,0,0,0,0,0,0
whoops,module-function,0,7,21,0,14,0,0,1,1
wif,module,0,2,4,0,0,0,0,0,0
wildstring,module,0,0,0,0,0,0,4,0,0
wink-pos-tagger,module-class,1,0,0,0,0,0,0,0,0
wink-tokenizer,module-class,0,0,0,1,0,4,0,0,0
wkhtmltopdf,module-function,0,2,3,1,354,0,0,1,1
worker-threads-pool,module-class,0,2,0,0,0,3,0,0,0
wpapi,module-class,1,0,0,0,0,0,0,0,0
wrench,module,0,2,1,7,2,5,0,1,0
write-good,module-function,0,0,0,0,1,0,0,0,0
x-ray,module-function,0,0,0,0,0,0,0,1,0
xar,module,0,0,0,0,1,2,0,0,0
xml-crypto,module,0,0,0,0,0,1,7,0,0
xml-encryption,module,1,0,0,0,0,0,0,0,0
xml-escape,module-function,0,1,2,0,0,0,0,1,1
xml2json,module,0,0,0,0,0,3,1,0,0
xmljs,module-class,0,1,0,0,1,1,0,0,0
xmlpoke,module,1,0,0,0,0,0,0,0,0
xsalsa20,module,1,0,0,0,0,0,0,0,0
xsd-schema-validator,module,1,0,0,0,0,0,0,0,0
xtend,module,1,0,0,0,0,0,0,0,0
yauzl,module,0,5,0,5,1,8,0,1,0
yauzl-promise,module,1,0,0,0,0,0,0,0,0
yazl,module,0,0,0,0,0,0,1,0,0
yog-bigpipe,module-function,0,0,0,1,2,0,0,0,1
yesql,module-function,0,0,0,0,1,0,0,0,1
yog2-kernel,module,0,0,0,0,0,0,4,0,0
yt-player,module-class,1,0,0,0,0,0,0,0,0
